Category,Question,Answer
General Definitions & Basics,Q: What is a personal loan?,"A: A personal loan is an **unsecured** loan offered by banks, credit unions, or online lenders that can be used for almost any purpose, such as consolidating debt, paying for a wedding, or covering emergency expenses. It typically has a fixed repayment period and a fixed interest rate."
General Definitions & Basics,Q: What does ""unsecured loan"" mean?,"A: An unsecured loan is one that **does not require collateral** (like a house or car). The lender relies on your creditworthiness (credit score, income) to approve the loan. This often results in higher interest rates compared to secured loans."
General Definitions & Basics,Q: What is the main difference between a secured and an unsecured loan?,"A: A **secured loan** requires the borrower to put up an asset as **collateral**, while an **unsecured loan** does not. Secured loans typically offer lower interest rates because the risk to the lender is lower."
General Definitions & Basics,Q: What can a personal loan be used for?,"A: Personal loans are versatile and can be used for a wide range of things, including **debt consolidation**, medical bills, home improvements, major purchases, or funding an event like a wedding."
General Definitions & Basics,Q: What is an APR?,"A: **APR** stands for **Annual Percentage Rate**. It is the total cost of the loan over a year, expressed as a percentage. It includes the interest rate plus any additional fees, giving you a more complete picture of the loan's cost."
General Definitions & Basics,Q: What is the loan principal?,"A: The loan **principal** is the original amount of money you borrow before any interest or fees are added. Payments are applied to both the principal and the interest over the life of the loan."
General Definitions & Basics,Q: What is the loan term?,"A: The loan **term** is the **length of time** you have to repay the loan in full, according to the agreement. It's usually expressed in months (e.g., 36 months, 60 months)."
General Definitions & Basics,Q: Are personal loans always a lump sum?,"A: Yes, a traditional personal loan is typically disbursed as a **single, lump-sum payment** directly into your bank account once approved."
General Definitions & Basics,Q: What is a fixed interest rate?,"A: A **fixed interest rate** remains the same throughout the entire loan term, meaning your monthly payments will be consistent and predictable."
General Definitions & Basics,Q: Can I use a personal loan for business expenses?,"A: Generally, **no**. Most personal loan agreements prohibit using the funds for business purposes, as lenders have specific products (business loans) for that."
Application & Eligibility,Q: What are the basic eligibility requirements for a personal loan?,"A: Requirements typically include being at least **18 years old**, a **U.S. citizen or permanent resident**, having a **valid bank account**, and meeting the lender's minimum **credit score** and **income** criteria."
Application & Eligibility,Q: What documents are typically needed for a loan application?,"A: You will usually need **government-issued ID** (e.g., driver's license), **proof of income** (e.g., pay stubs, tax returns), and **proof of residence** (e.g., utility bill)."
Application & Eligibility,Q: How long does the personal loan application process usually take?,"A: The timeline varies. Online applications can take as little as **15 minutes** to submit, and approval/funding can happen anywhere from **24 hours to 7 business days**, depending on the lender."
Application & Eligibility,Q: What is DTI and why is it important?,"A: **DTI** stands for **Debt-to-Income ratio**. It is the percentage of your gross monthly income that goes toward paying your monthly debt obligations. Lenders use it to assess your ability to manage new debt; a lower DTI (usually under 43%) is preferred."
Application & Eligibility,Q: What is a ""soft inquiry"" versus a ""hard inquiry""?,"A: A **soft inquiry** occurs when you pre-qualify and **doesn't hurt your credit score**. A **hard inquiry** occurs when you formally submit an application and **may temporarily lower your credit score** by a few points."
Application & Eligibility,Q: Can I get a personal loan if I am self-employed?,"A: **Yes**, but the lender will require alternative proof of income, such as **two years of tax returns** and possibly bank statements, to verify your consistent earnings."
Application & Eligibility,Q: What is pre-qualification for a loan?,"A: **Pre-qualification** is a preliminary check that allows a lender to estimate the loan amount and interest rate you might qualify for, usually with a **soft credit check**. It is not a guaranteed offer."
Application & Eligibility,Q: What income sources do lenders accept?,"A: Lenders accept standard employment wages, but also often consider **social security benefits, disability payments, retirement income**, and verifiable **self-employment income**."
Application & Eligibility,Q: Can I apply for a personal loan with a co-signer?,"A: **Yes**. Using a **co-signer** (who agrees to be legally responsible for the debt if you can't pay) with good credit can help you qualify for a better interest rate or a larger loan amount."
Application & Eligibility,Q: What is the typical minimum loan amount for a personal loan?,"A: The minimum loan amount usually starts around **\$1,000 to \$2,000**, though this can vary significantly between lenders."
Interest & Repayment,Q: How is the interest rate on a personal loan determined?,"A: The interest rate is determined by the lender based on factors like your **credit score**, **DTI ratio**, **income**, the **loan amount**, and the **loan term**. Better credit usually means a lower rate."
Interest & Repayment,Q: What happens if I miss a loan payment?,"A: Missing a payment can result in **late fees** and a potential increase in your interest rate. If the payment is missed by **30 days or more**, it will be reported to credit bureaus and **significantly damage your credit score**."
Interest & Repayment,Q: Is there a penalty for paying off a personal loan early?,"A: This is called a **prepayment penalty**. While common in the past, most modern personal loans **do not have prepayment penalties**, allowing you to save money on interest by paying off the principal early."
Interest & Repayment,Q: What is loan amortization?,"A: **Amortization** is the process of paying off a loan with a fixed repayment schedule in equal installments. Early payments primarily cover interest, while later payments focus more on reducing the principal."
Interest & Repayment,Q: What is an origination fee?,"A: An **origination fee** is a one-time charge deducted from your loan proceeds when the loan is disbursed. It covers the lender's administrative costs and is typically between **1% and 8%** of the total loan amount."
Interest & Repayment,Q: Are personal loan payments tax-deductible?,"A: Generally, **no**. Personal loan interest is not tax-deductible. The exception is if the loan proceeds are strictly used for specific, qualifying purposes like **business expenses, educational costs, or certain home improvements**."
Interest & Repayment,Q: What is compounding interest?,"A: **Compounding interest** is interest calculated on the initial principal and also on all the accumulated interest of previous periods. Most personal loans use **simple interest**, not compound interest, making the cost more predictable."
Interest & Repayment,Q: How do monthly payments change if the loan term is longer?,"A: A **longer loan term** (e.g., 60 months instead of 36) will result in **lower monthly payments**, but you will pay **more total interest** over the life of the loan."
Interest & Repayment,Q: What is forbearance on a personal loan?,"A: **Forbearance** is a temporary postponement or reduction of loan payments offered by the lender, usually granted during periods of financial hardship (e.g., job loss, major illness). Interest still accrues during this time."
Interest & Repayment,Q: How can I calculate my monthly personal loan payment?,"A: You can use an **online loan calculator** by entering the principal amount, the APR, and the loan term. This provides an estimated monthly payment based on the amortization schedule."
Credit Score & Impact,Q: What is a good credit score to get a personal loan?,"A: A score of **670 and above (Good to Excellent)** is typically needed to qualify for the best rates. Scores below 600 may still qualify, but with significantly higher interest rates."
Credit Score & Impact,Q: How does applying for a personal loan affect my credit score?,"A: The initial formal application causes a **hard inquiry**, which may temporarily drop your score by a few points. **Responsible repayment** (on-time payments) will ultimately **improve** your score."
Credit Score & Impact,Q: If I get denied, will it hurt my credit score?,"A: The denial itself **does not hurt your score**, but the **hard inquiry** associated with the application remains on your report for up to two years and is the factor that may cause a temporary drop."
Credit Score & Impact,Q: What is credit utilization and how does a personal loan affect it?,"A: **Credit utilization** is the amount of credit you use compared to your total available credit (primarily on credit cards). A personal loan is an **installment loan** and does **not** directly affect your credit utilization ratio like a revolving credit card balance does."
Credit Score & Impact,Q: Do all lenders report personal loan payments to credit bureaus?,"A: Most major banks and reputable online lenders **report payment activity** to the three major credit bureaus (Experian, Equifax, TransUnion). This is crucial for building or maintaining good credit."
Credit Score & Impact,Q: Can I check my loan approval odds without a hard credit pull?,"A: **Yes**, many lenders offer a **pre-qualification** tool that uses a soft credit check to show you estimated rates and approval odds before you formally apply."
Credit Score & Impact,Q: What is the impact of late payments on my credit score?,"A: A late payment reported after **30 days** is very serious, potentially dropping your score by **50 to 100 points** or more, and remaining on your report for seven years."
Credit Score & Impact,Q: How does debt consolidation using a personal loan help my credit score?,"A: It helps by reducing your **credit utilization ratio** (by paying off high credit card balances) and making repayment simpler, which leads to a better payment history."
Credit Score & Impact,Q: What is a credit bureau?,"A: A **credit bureau** (or credit reporting agency) is a company that collects and maintains individual credit information and sells it to lenders, like Equifax, Experian, and TransUnion."
Credit Score & Impact,Q: Why is having a long credit history helpful when applying for a loan?,"A: A long credit history gives lenders more data to assess your financial reliability and predictability, which can increase the likelihood of approval and secure you a lower interest rate."
Types of Loans & Usage,Q: What is a debt consolidation loan?,"A: A debt consolidation loan is a personal loan specifically used to **pay off multiple high-interest debts** (like credit cards) by rolling them into one new loan with a single, lower monthly payment and often a lower overall interest rate."
Types of Loans & Usage,Q: Is a Payday Loan a type of personal loan?,"A: Payday loans are a type of **short-term, high-interest** loan, but they are **not** generally considered a standard personal loan. They have extremely high APRs and should typically be avoided due to the debt trap risk."
Types of Loans & Usage,Q: What is a personal line of credit?,"A: Unlike a lump-sum personal loan, a **personal line of credit** allows you to borrow up to a certain limit on an ongoing basis. You only pay interest on the amount you actually borrow, similar to a credit card."
Types of Loans & Usage,Q: Can I use a personal loan to refinance a student loan?,"A: **Yes**, this is possible, but you should carefully consider the trade-off, as you may **lose federal student loan benefits** (like income-driven repayment or potential forgiveness) by moving to a private personal loan."
Types of Loans & Usage,Q: What is a home equity loan (HEL) versus a personal loan?,"A: A **Home Equity Loan** is a secured loan that uses your home as collateral, usually offering lower rates and a larger amount. A **Personal Loan** is unsecured and does not require collateral."
Types of Loans & Usage,Q: What is the main benefit of an installment loan?,"A: The main benefit is that the **repayment schedule is fixed and predictable**, with a set number of payments and a definite end date (the loan term)."
Types of Loans & Usage,Q: Can I get a personal loan to cover a down payment on a car?,"A: While possible, it's generally **not recommended** as it adds high-interest debt to your new car purchase, and some auto lenders may prohibit the use of unsecured debt for down payments."
Types of Loans & Usage,Q: What is a guarantor loan?,"A: A guarantor loan is a type of personal loan where a **guarantor** (similar to a co-signer) legally agrees to make the loan payments if the primary borrower is unable to. It's often used by those with poor credit history."
Types of Loans & Usage,Q: Are personal loans always fully amortizing?,"A: Reputable personal loans are almost always **fully amortizing**, meaning the total payment includes enough to cover both interest and principal, ensuring the loan is fully paid off by the end of the term."
Types of Loans & Usage,Q: When is it better to use a credit card instead of a personal loan?,"A: A credit card is better for **small, short-term expenses** that you can pay off quickly (within the billing cycle) to avoid interest, or for expenses where you value the rewards/cashback."
Category,Question,Answer
Advanced Management & Fees,Q: What is a payoff quote?,"A: A **payoff quote** is a statement from the lender that specifies the exact, total amount needed to fully satisfy the loan obligation as of a specific future date, including all outstanding principal and accrued interest."
Advanced Management & Fees,Q: Why is the payoff quote usually higher than the current balance?,"A: The payoff quote is higher because it includes the **interest accrued** from the last statement date up to the requested payoff date, plus any unpaid fees."
Advanced Management & Fees,Q: What are late fees on a personal loan, and when are they typically applied?,"A: **Late fees** are penalties charged when a payment is not received by the due date. Lenders often have a **grace period** (usually 5 to 15 days) before the fee is applied."
Advanced Management & Fees,Q: What is a bounced check or insufficient funds (NSF) fee?,"A: An **NSF fee** is charged if your scheduled payment withdrawal fails because there are insufficient funds in your linked bank account. The lender and your bank may both charge a fee."
Advanced Management & Fees,Q: Can I change my payment due date?,"A: Many lenders **do allow** a one-time change to the monthly payment due date, but you may have to pay a small amount of interest to cover the difference in days."
Advanced Management & Fees,Q: What are the risks of using automatic payments?,"A: The risks include potential **overdraft fees** if you forget to maintain the necessary funds, or processing errors if you change bank accounts and fail to update the information promptly."
Advanced Management & Fees,Q: What is negative amortization?,"A: **Negative amortization** occurs when your monthly payment is less than the interest accrued, causing the unpaid interest to be added to the principal balance, making the total debt increase."
Advanced Management & Fees,Q: How does a loan servicer differ from a lender?,"A: The **lender** is the institution that originates the loan. The **loan servicer** is the company that handles billing, payment collection, and customer service for the life of the loan (which can be the lender or a separate entity)."
Advanced Management & Fees,Q: What is the risk of loan default?,"A: **Default** means failing to make payments as agreed. Risks include severe credit damage, the lender hiring a collection agency, and potential legal action."
Advanced Management & Fees,Q: How do I get my lender to release the security interest in my collateral (for secured loans)?,"A: The security interest is released when the loan is **paid off in full**. The lender will then file the necessary paperwork (like a lien release) with the appropriate government agency."
Refinancing & Loan Restructuring,Q: What does it mean to refinance a personal loan?,"A: **Refinancing** means taking out a **new** personal loan (usually from a different lender) to pay off your **current** loan. The goal is typically to secure a lower interest rate, a shorter term, or lower monthly payments."
Refinancing & Loan Restructuring,Q: When should I consider refinancing a personal loan?,"A: You should consider refinancing if your **credit score has improved significantly** since taking out the original loan, or if interest rates have generally fallen, allowing you to qualify for a lower APR."
Refinancing & Loan Restructuring,Q: What is loan forbearance?,"A: **Loan forbearance** is a temporary suspension or reduction of loan payments, often granted during periods of financial distress (e.g., job loss or illness). Interest typically still accrues during this time."
Refinancing & Loan Restructuring,Q: What is the difference between loan deferment and forbearance?,"A: Both deferment and forbearance postpone payments. In **deferment**, interest often does not accrue (especially on subsidized loans), while in **forbearance**, interest usually continues to accrue."
Refinancing & Loan Restructuring,Q: Can I refinance a personal loan with the same lender?,"A: This is usually called **loan restructuring or modification**, not refinancing. Some lenders offer it, but it's more common and often better to shop around with multiple lenders to get a better rate."
Refinancing & Loan Restructuring,Q: Does refinancing affect my credit score?,"A: Yes, refinancing involves a **hard credit inquiry** for the new application, which can temporarily lower your score. However, a better rate and successful, new payment history will ultimately help your score."
Refinancing & Loan Restructuring,Q: What costs are involved in refinancing?,"A: Costs may include a new **origination fee** from the new lender, closing costs (for some secured loans), and any **prepayment penalty** on the original loan (if applicable)."
Refinancing & Loan Restructuring,Q: What is debt restructuring?,"A: **Debt restructuring** is a broad term for changing the terms of a debt agreement to make repayment easier for the borrower, often involving extending the loan term or lowering the interest rate."
Refinancing & Loan Restructuring,Q: Will extending the loan term save me money?,"A: Extending the loan term will result in **lower monthly payments**, but you will pay **more total interest** over the life of the loan, so it won't save you money overall unless you secure a much lower APR."
Refinancing & Loan Restructuring,Q: How soon after taking out a loan can I refinance?,"A: Most lenders require you to have made at least **6 to 12 months** of on-time payments on the original loan before they will consider a refinancing application."
Debt Consolidation & Credit Card Debt,Q: What is the primary benefit of debt consolidation?,"A: The primary benefit is simplifying debt management by combining multiple high-interest debts (like credit cards) into a single monthly payment, ideally with a significantly **lower overall interest rate**."
Debt Consolidation & Credit Card Debt,Q: What is the risk of using a personal loan for debt consolidation?,"A: The main risk is that you might be tempted to **run up new balances** on the credit cards you just paid off, leading to a much higher total debt burden."
Debt Consolidation & Credit Card Debt,Q: Should I use a balance transfer credit card or a personal loan for consolidation?,"A: A **personal loan** is better for large balances because of the fixed term and predictable payment. A **balance transfer card** is better for smaller balances you can pay off during the 0% APR promotional period."
Debt Consolidation & Credit Card Debt,Q: How long does it take for a consolidation loan to reflect positively on my credit report?,"A: It can take **1 to 3 months** for the paid-off credit card balances (which reduces utilization) to be fully reported, and longer for the consistent, new loan payments to build a positive history."
Debt Consolidation & Credit Card Debt,Q: What is revolving debt?,"A: **Revolving debt** is credit that renews as it is paid off, allowing you to repeatedly borrow funds up to a certain limit (e.g., credit cards and lines of credit)."
Debt Consolidation & Credit Card Debt,Q: What is installment debt?,"A: **Installment debt** is a loan with a fixed total amount, fixed payments, and a defined end date, where the principal is paid off over time (e.g., mortgages, car loans, and personal loans)."
Debt Consolidation & Credit Card Debt,Q: Can a debt consolidation loan eliminate my debt faster?,"A: Yes, if the new personal loan has a lower APR and/or a shorter term than your previous credit cards, you will be able to pay off the principal balance faster."
Debt Consolidation & Credit Card Debt,Q: What is the "snowball method" of debt repayment?,"A: The **debt snowball method** is a repayment strategy where you pay minimums on all debts, but focus extra payments on the smallest debt balance first. Once paid off, you roll that payment amount into the next smallest debt."
Debt Consolidation & Credit Card Debt,Q: What is the "avalanche method" of debt repayment?,"A: The **debt avalanche method** is a repayment strategy where you pay minimums on all debts, but focus extra payments on the debt with the **highest interest rate** first, saving you the most money on interest overall."
Debt Consolidation & Credit Card Debt,Q: Do I need good credit to get a debt consolidation loan?,"A: While you can get one with fair credit, a **good to excellent credit score** is essential to qualify for the low interest rate needed to make debt consolidation truly worthwhile."
Specific Loan Scenarios,Q: Can I use a personal loan to pay tax debt?,"A: **Yes**, a personal loan can be used to pay off high-interest tax debt owed to the IRS, which can sometimes be cheaper than the interest and penalties charged by the government."
Specific Loan Scenarios,Q: What are the risks of using a personal loan for an investment (e.g., stocks)?,"A: This is risky because the loan principal and interest must be repaid regardless of the investment's performance. You could end up **losing money on the investment** while still owing the full loan amount."
Specific Loan Scenarios,Q: What is a bridge loan?,"A: A **bridge loan** is a short-term loan used to "bridge" the gap between a borrower's current financial situation and a future event, such as buying a new home before the old one is sold."
Specific Loan Scenarios,Q: Can a personal loan be used for educational expenses?,"A: **Yes**, but it should be a last resort. Federal and private **student loans** generally offer lower interest rates and more flexible repayment options tailored for education than personal loans."
Specific Loan Scenarios,Q: What is the difference between an auto loan and a personal loan used for a car?,"A: An **auto loan** is secured by the car itself, leading to lower rates. A personal loan for a car is unsecured, has a higher rate, but gives you full ownership immediately (no lien)."
Specific Loan Scenarios,Q: What is a secured credit card?,"A: A **secured credit card** requires a cash security deposit, which usually equals your credit limit. It's designed to help people with poor or no credit history build their score responsibly."
Specific Loan Scenarios,Q: What is an adverse action notice?,"A: An **adverse action notice** is a letter required by law if a lender denies your application, approves a smaller amount than requested, or offers a less favorable rate. It must specify the reasons for the decision."
Specific Loan Scenarios,Q: Can personal loans be customized for specific needs?,"A: While the terms are generally standardized, some lenders offer specialized personal loans, such as **medical loans** or **home improvement loans**, with slightly different rates or terms."
Specific Loan Scenarios,Q: What is a balloon payment?,"A: A **balloon payment** is a single, large payment due at the end of the loan term, after a series of smaller, regular payments. This feature is rare in standard personal loans."
Specific Loan Scenarios,Q: What is a promissory note?,"A: A **promissory note** is a legal document that serves as a written promise from the borrower to repay a specific sum of money to the lender under defined terms and conditions."
Co-Signers, Death, & Bankruptcy,Q: What are the responsibilities of a co-signer?,"A: A **co-signer** is equally and legally responsible for repaying the full amount of the loan if the primary borrower defaults. Their credit is impacted by the borrower's payment activity."
Co-Signers, Death, & Bankruptcy,Q: How does adding a co-signer affect the primary borrower?,"A: It increases the primary borrower's chances of approval and often helps them secure a **lower interest rate** because the lender has extra assurance of repayment."
Co-Signers, Death, & Bankruptcy,Q: Can a co-signer be removed from a personal loan?,"A: **Rarely**. It's usually only possible if the loan agreement specifically includes a **co-signer release clause**, which typically requires the primary borrower to meet high eligibility criteria later on."
Co-Signers, Death, & Bankruptcy,Q: What happens to a personal loan if the borrower dies?,"A: If the loan is unsecured, the debt is generally paid out of the borrower's **estate**. If the estate is insufficient, the debt may be forgiven, unless there is a **co-signer** who becomes fully responsible."
Co-Signers, Death, & Bankruptcy,Q: If the loan is co-signed, what happens if the primary borrower dies?,"A: The **co-signer** becomes fully and solely responsible for the remaining balance of the loan, regardless of the size of the deceased borrower's estate."
Co-Signers, Death, & Bankruptcy,Q: Can a personal loan be discharged in bankruptcy?,"A: In many cases, **yes**. Unsecured personal loans are typically considered dischargeable under **Chapter 7 bankruptcy**, though the ability to discharge is always determined by the court."
Co-Signers, Death, & Bankruptcy,Q: What is the difference between a co-signer and a co-borrower?,"A: A **co-signer** guarantees the loan but doesn't necessarily receive the funds. A **co-borrower** (or joint applicant) receives the funds and is equally responsible for repayment, and their income is typically used to qualify."
Co-Signers, Death, & Bankruptcy,Q: How does Chapter 7 bankruptcy affect my credit score?,"A: Chapter 7 bankruptcy remains on your credit report for **10 years** and severely damages your score, making it very difficult to secure new loans for several years."
Co-Signers, Death, & Bankruptcy,Q: What is a debt collection agency?,"A: A **debt collection agency** is a company hired by a lender (or one that has purchased the debt) to recover funds from a borrower who has failed to make payments."
Co-Signers, Death, & Bankruptcy,Q: Does a lender have to notify the co-signer before reporting a late payment?,"A: No, the lender is not legally required to notify the co-signer before reporting the late payment to the credit bureaus, as the co-signer is equally responsible for monitoring the loan's status.
Lender Types & Comparison,Q: What is a peer-to-peer (P2P) lender?,"A: A **P2P lender** is an online platform that connects individual investors directly with borrowers, often bypassing traditional banks, sometimes leading to more flexible rates."
Lender Types & Comparison,Q: What is a credit union, and why might it be a good source for a personal loan?,"A: A **credit union** is a non-profit financial institution owned by its members. They often offer lower interest rates and fees on loans compared to commercial banks."
Lender Types & Comparison,Q: What is the main advantage of an online lender over a traditional bank?,"A: Online lenders often offer a **faster application and funding process** (sometimes within 24 hours), and may have more flexible criteria for borrowers with less-than-perfect credit."
Lender Types & Comparison,Q: How should I compare personal loan offers from different lenders?,"A: Compare the **APR** (which includes interest and fees), the **origination fee**, the **loan term**, and look for any **prepayment penalties**."
Lender Types & Comparison,Q: What is a secured personal loan from a bank?,"A: A **secured personal loan** requires you to pledge an asset (like savings, a CD, or a car) as collateral. This reduces the lender's risk and typically results in a lower interest rate for you."
Lender Types & Comparison,Q: What is a rate shopping period?,"A: The **rate shopping period** is a window (typically 14 to 45 days) during which multiple hard credit inquiries for the same type of loan are counted as a single inquiry by credit score models, minimizing credit damage."
Lender Types & Comparison,Q: Are loan rates negotiable?,"A: Generally, no. While a lender may not negotiate the specific rate, you can **negotiate the term** (e.g., 3-year vs. 5-year) which will affect the interest rate offered."
Lender Types & Comparison,Q: How do you verify the legitimacy of an online lender?,"A: Check if the lender is **licensed to operate in your state**, look for consumer reviews, and verify they have a secure website and transparent fee structures."
Lender Types & Comparison,Q: What is a bank's relationship pricing?,"A: **Relationship pricing** is a discount on the interest rate (often 0.25% or 0.50%) offered to borrowers who already have other accounts (like checking, savings, or investment) with that bank."
Lender Types & Comparison,Q: What are the risks of predatory lending?,"A: Predatory lending involves practices like hidden fees, extremely high interest rates, or loan flipping (refinancing a loan repeatedly to earn more fees), designed to benefit the lender at the borrower's expense."
Credit Score & Qualification Details,Q: What are the five main factors in calculating my FICO score?,"A: The factors are: **Payment History** (35%), **Amounts Owed** (30%), **Length of Credit History** (15%), **New Credit** (10%), and **Credit Mix** (10%)."
Credit Score & Qualification Details,Q: How does credit mix affect personal loan approval?,"A: **Credit mix** (10% of your score) shows you can responsibly manage different types of debt, such as both revolving credit (credit cards) and installment credit (loans), making you a better candidate."
Credit Score & Qualification Details,Q: What is the typical minimum annual income required for a personal loan?,"A: There is no strict minimum, but many lenders prefer to see an annual income of at least **\$25,000 to \$30,000** to ensure the borrower can comfortably afford the payments."
Credit Score & Qualification Details,Q: What red flags might cause a lender to deny a loan application?,"A: Red flags include a **high DTI ratio**, a recent **bankruptcy**, a short or thin **credit history**, or recent **late payments** on other debts."
Credit Score & Qualification Details,Q: Is it better to have a shorter or longer loan term for my credit score?,"A: A **shorter term** means faster payoff, which reduces the amount you owe (a major credit factor), but a longer term offers more opportunity to consistently make on-time payments, which also helps."
Credit Score & Qualification Details,Q: What is a "thin credit file"?,"A: A **thin credit file** means the credit report contains too few accounts or insufficient history (less than 18-24 months) to generate a reliable credit score, making loan approval difficult."
Credit Score & Qualification Details,Q: Can having too many recent credit inquiries hurt my loan chances?,"A: **Yes**. Too many recent hard inquiries can signal to lenders that you are desperate for credit or are taking on excessive debt, posing a higher risk."
Credit Score & Qualification Details,Q: What should I do immediately after receiving a loan denial letter?,"A: First, **review the adverse action notice** to understand the specific reasons for denial. Then, obtain a **free copy of your credit report** to verify the information the lender saw."
Credit Score & Qualification Details,Q: How long do negative items like defaults stay on my credit report?,"A: Most negative items, including defaults, foreclosures, and collections, remain on your credit report for approximately **seven years** from the date of the first missed payment."
Credit Score & Qualification Details,Q: What is a credit freeze?,"A: A **credit freeze** (or security freeze) locks your credit report, preventing lenders and others from accessing it. This helps protect against identity theft but must be temporarily lifted to apply for a loan."
General Loan Terminology & Mechanics,Q: What is the difference between a simple interest loan and a precomputed interest loan?,"A: A **simple interest loan** accrues interest daily on the unpaid balance. A **precomputed interest loan** calculates the total interest upfront and adds it to the principal, making early payoff less interest-saving."
General Loan Terminology & Mechanics,Q: How often is personal loan interest typically calculated?,"A: Personal loan interest is typically calculated on a **daily basis** (simple interest), based on the outstanding principal balance."
General Loan Terminology & Mechanics,Q: What is the concept of "time value of money" in lending?,"A: The **time value of money** is the idea that a dollar today is worth more than a dollar tomorrow because the dollar today can be invested and earn a return (or be subject to inflation)."
General Loan Terminology & Mechanics,Q: What is a loan modification?,"A: A **loan modification** is a change in the original terms of the loan agreement (e.g., lower interest rate, longer term) agreed upon by the borrower and the lender, typically to avoid default."
General Loan Terminology & Mechanics,Q: What is loan underwriting?,"A: **Loan underwriting** is the process where a lender assesses the risk of offering a loan to a specific applicant by verifying their income, credit history, and DTI ratio."
General Loan Terminology & Mechanics,Q: What is a consumer protection law relevant to loans?,"A: The **Truth in Lending Act (TILA)** is a major law that requires lenders to disclose the full cost of a loan, including the APR and total finance charge, so borrowers can compare offers easily."
General Loan Terminology & Mechanics,Q: What is loan default and how does it differ from delinquency?,"A: **Delinquency** is a temporary failure to make a payment by the due date. **Default** is a prolonged failure to meet the loan's terms, often leading to collection activities."
General Loan Terminology & Mechanics,Q: What is the Uniform Commercial Code (UCC) filing?,"A: A **UCC filing** is a public notice that a secured party (lender) has a security interest in a personal asset of the debtor. This is relevant for secured loans."
General Loan Terminology & Mechanics,Q: What is the prime rate?,"A: The **prime rate** is the interest rate commercial banks charge their most creditworthy corporate customers. It often serves as a benchmark for consumer loan rates."
General Loan Terminology & Mechanics,Q: What is the legal concept of usury?,"A: **Usury** is the illegal act of lending money at unreasonably high interest rates, typically above the legal maximum rate allowed by state or federal law.
Advanced Loan Usage & Planning,Q: How can a personal loan be used for home renovation without using home equity?,"A: A borrower can use an unsecured personal loan to fund smaller home renovations without tapping into home equity, avoiding the risk of a foreclosure if they default."
Advanced Loan Usage & Planning,Q: When should I choose a shorter loan term?,"A: Choose a shorter term if you can comfortably afford the **higher monthly payments**. This allows you to pay significantly **less total interest** and become debt-free sooner."
Advanced Loan Usage & Planning,Q: When should I choose a longer loan term?,"A: Choose a longer term if you need the **lowest possible monthly payment** to improve cash flow, even though it means paying more total interest over time."
Advanced Loan Usage & Planning,Q: How does a personal loan affect my personal budget?,"A: A personal loan introduces a **fixed, mandatory monthly expenditure** that must be included in your budget. It reduces your disposable income for the loan term."
Advanced Loan Usage & Planning,Q: What is cash flow, and how does a loan affect it?,"A: **Cash flow** is the net amount of cash moving into and out of your finances. A loan initially boosts cash flow (the principal), but then consistently reduces it with mandatory monthly payments."
Advanced Loan Usage & Planning,Q: How can I prepare for large future loan payments?,"A: **Practice-pay** the future loan amount now by depositing the difference into a dedicated savings account. This builds a payment reserve and confirms the monthly payment is sustainable."
Advanced Loan Usage & Planning,Q: What is the maximum loan amount I can realistically expect?,"A: It depends on your DTI and income. Lenders typically won't approve a loan that pushes your **DTI ratio above 40-45%** when factoring in the new payment."
Advanced Loan Usage & Planning,Q: What is a "side hustle" income, and can I use it to qualify for a loan?,"A: **Side hustle income** is money earned from secondary employment. Lenders may consider it if you can show a consistent history (often two years) of receiving that income via tax returns."
Advanced Loan Usage & Planning,Q: Should I take a personal loan if I have an emergency fund?,"A: Generally, no. You should **use your emergency fund first** for unexpected costs. A loan should be considered if the emergency cost exceeds your fund's capacity."
Advanced Loan Usage & Planning,Q: What is the concept of "return on investment (ROI)" regarding personal loans?,"A: If the purpose of the loan (e.g., career-advancing education, a profitable business venture) generates a financial return **greater than the total cost of the loan's interest**, the loan is considered a good ROI."
Category,Question,Answer
Secured Loans & Collateral,Q: What are common types of collateral used for secured personal loans?,"A: Common types include **savings account funds (CDs)**, **vehicles (auto titles)**, **investment accounts**, or high-value personal assets like jewelry or art."
Secured Loans & Collateral,Q: How does a loan against a Certificate of Deposit (CD) work?,"A: A **CD-secured loan** uses your CD as collateral. The loan amount is usually slightly less than the CD value. The interest rate is very low, and you avoid paying a penalty for early withdrawal of the CD funds."
Secured Loans & Collateral,Q: What is a lien?,"A: A **lien** is a legal claim placed on an asset (collateral) by the lender until the debt is fully repaid. This means the borrower cannot legally sell the asset until the lien is released."
Secured Loans & Collateral,Q: What happens if I default on a secured personal loan?,"A: If you default, the lender has the legal right to **seize and sell the collateral** to recoup their losses. This is known as **repossession** (for cars) or **foreclosure** (for real estate)."
Secured Loans & Collateral,Q: Is a second mortgage a secured or unsecured loan?,"A: A second mortgage (or Home Equity Line of Credit/HELOC) is a **secured loan** because it is secured by the equity in your home."
Secured Loans & Collateral,Q: What is cross-collateralization?,"A: **Cross-collateralization** is a term where an asset securing one loan is also used as collateral for another loan, meaning the lender holds a claim against that asset until *both* debts are paid."
Secured Loans & Collateral,Q: Can I get a secured personal loan using my car even if I still owe money on the car loan?,"A: Generally **no**, because the original lender already holds the primary lien (claim) on the car's title. You only own the equity, not the full asset."
Secured Loans & Collateral,Q: What is a collateral assignment?,"A: A **collateral assignment** is the legal transfer of an asset's ownership rights to the lender as security for the debt, without transferring physical possession of the asset."
Secured Loans & Collateral,Q: Do secured loans usually have lower APRs than unsecured loans?,"A: **Yes**, because the collateral significantly reduces the lender's risk, they can afford to offer a lower **Annual Percentage Rate (APR)**."
Secured Loans & Collateral,Q: What is the risk to the borrower in a secured loan?,"A: The biggest risk is the potential for **loss of the collateral** (e.g., your home or car) if you fail to meet the repayment terms."
Financial Hardship & Collections,Q: What is a collection account on my credit report?,"A: A **collection account** is a record showing that a debt was not paid to the original creditor and has been sold or transferred to a debt collection agency. This is a severe negative mark."
Financial Hardship & Collections,Q: Should I speak to a debt collector?,"A: You should **verify the debt first**. You have the right to request debt validation. Only speak to them after verifying the debt is yours and if you are prepared to discuss payment or settlement options."
Financial Hardship & Collections,Q: What is a "pay-for-delete" agreement with a collection agency?,"A: A **pay-for-delete** is an agreement where the debt collector agrees to remove the negative collection entry from your credit report in exchange for you paying the settled amount. This should always be obtained **in writing**."
Financial Hardship & Collections,Q: What is debt settlement?,"A: **Debt settlement** is an agreement negotiated with the creditor or collection agency to pay back only a portion of the original debt amount, usually in a lump sum or a few payments."
Financial Hardship & Collections,Q: What are the tax implications of debt settlement?,"A: If a portion of the debt is forgiven (cancelled), the IRS may consider the forgiven amount as **taxable income** to you, unless you qualify for an insolvency exception."
Financial Hardship & Collections,Q: What is the Statute of Limitations (SOL) for debt?,"A: The **Statute of Limitations** is the legal time limit during which a creditor or collector can sue you to recover a debt. This time limit varies by state and type of debt."
Financial Hardship & Collections,Q: Does making a payment reset the Statute of Limitations on a debt?,"A: In most states, **yes**. Making a partial payment or even acknowledging the debt can "re-start the clock" on the Statute of Limitations, allowing the collector more time to sue you."
Financial Hardship & Collections,Q: What is wage garnishment?,"A: **Wage garnishment** is a legal procedure where a creditor obtains a court order to have money taken directly out of a debtor's paycheck to repay the debt. This requires a court judgment."
Financial Hardship & Collections,Q: What is a consumer credit counseling agency?,"A: A **consumer credit counseling agency** is a non-profit organization that offers guidance on managing debt and budgeting, often helping set up a **Debt Management Plan (DMP)**."
Financial Hardship & Collections,Q: What is a Debt Management Plan (DMP)?,"A: A **DMP** is a program offered by a credit counseling agency where the agency negotiates lower interest rates or better terms with your creditors and you make one monthly payment to the agency, which then distributes the funds."
Regulatory Compliance & Consumer Rights,Q: What is the purpose of the Fair Credit Reporting Act (FCRA)?,"A: The **FCRA** regulates how consumer credit information is collected, disseminated, and used. It gives consumers the right to access their report and dispute inaccurate information."
Regulatory Compliance & Consumer Rights,Q: What is the purpose of the Fair Debt Collection Practices Act (FDCPA)?,"A: The **FDCPA** is a federal law that restricts and regulates the behavior of third-party debt collectors, prohibiting harassment, false statements, and unfair practices."
Regulatory Compliance & Consumer Rights,Q: What does the CFPB stand for, and what role does it play in consumer finance?,"A: **CFPB** stands for the **Consumer Financial Protection Bureau**. It is a U.S. government agency responsible for enforcing federal consumer financial laws and protecting consumers."
Regulatory Compliance & Consumer Rights,Q: How can I dispute inaccurate information on my credit report?,"A: You must contact the credit reporting agency (Experian, Equifax, or TransUnion) **in writing** with supporting documentation, clearly stating which information you believe is inaccurate."
Regulatory Compliance & Consumer Rights,Q: How long does a credit bureau have to investigate a dispute?,"A: Under the FCRA, the credit bureau generally has **30 days** (or 45 days if you provided information during the 30-day period) to investigate and resolve the dispute."
Regulatory Compliance & Consumer Rights,Q: Are loan disclosure documents required by law?,"A: **Yes**. The **Truth in Lending Act (TILA)** requires lenders to provide clear disclosures of the loan terms, including the APR, finance charge, and payment schedule."
Regulatory Compliance & Consumer Rights,Q: What is the difference between APR and interest rate according to TILA?,"A: TILA requires the disclosure of the **APR** because it represents the true cost of credit, including the interest rate plus certain fees, whereas the interest rate is just the cost of borrowing the principal."
Regulatory Compliance & Consumer Rights,Q: Can a lender legally discriminate against me based on my race or religion?,"A: **No**. The **Equal Credit Opportunity Act (ECOA)** strictly prohibits credit discrimination based on race, color, religion, national origin, sex, marital status, or age."
Regulatory Compliance & Consumer Rights,Q: What is the role of the Federal Trade Commission (FTC) in lending?,"A: The **FTC** enforces various consumer protection laws, including aspects of the FCRA, and helps combat unfair, deceptive, or abusive practices in the marketplace."
Regulatory Compliance & Consumer Rights,Q: What are the risks of using a debt relief company?,"A: Debt relief companies often charge high fees, your credit can be severely damaged during the process, and they may not be able to negotiate all your debts, leaving you worse off than before."
Credit File & History Depth,Q: How long must I wait after bankruptcy to get a standard personal loan?,"A: It typically takes **2 to 4 years** after the bankruptcy discharge date to qualify for a traditional personal loan, and the initial rates will be high."
Credit File & History Depth,Q: What is the advantage of having a diverse credit mix?,"A: A diverse credit mix shows lenders you can handle both **revolving credit** (credit cards) and **installment loans** (personal loans), which positively affects the 10% 'Credit Mix' factor of your FICO score."
Credit File & History Depth,Q: Can I get a personal loan if I have no credit history?,"A: It is difficult. You may need to start with a **secured credit card** or a **credit builder loan** to establish a credit history before qualifying for a standard unsecured loan."
Credit File & History Depth,Q: What is a credit builder loan?,"A: A **credit builder loan** is a small loan where the funds are held by the lender in a locked account. You make payments, and once the loan is repaid, the money is released to you, establishing a positive payment history."
Credit File & History Depth,Q: Does closing old credit card accounts help my credit score for a loan application?,"A: **No, generally it hurts**. Closing an old account reduces your total available credit (increasing utilization) and shortens your average age of accounts, both of which negatively impact your score."
Credit File & History Depth,Q: What is the most important factor in determining personal loan approval?,"A: Your **Payment History (35% of FICO)** is the most crucial factor, demonstrating reliability and willingness to repay debt as agreed."
Credit File & History Depth,Q: What is a credit report freeze vs. a credit report lock?,"A: A **freeze** is legally mandated, free, and provides specific rights. A **lock** is a contractual service offered by credit bureaus, usually involving a monthly fee, but can be lifted instantly via an app."
Credit File & History Depth,Q: Does checking my own credit report affect my score?,"A: **No**. Checking your own report is considered a **soft inquiry** and has no impact on your credit score."
Credit File & History Depth,Q: What is a FICO score and how is it used by lenders?,"A: A **FICO score** is a three-digit number that predicts the likelihood of a borrower defaulting on a debt. Lenders use it to assess risk and determine interest rates."
Credit File & History Depth,Q: What does "credit utilization under 30%" mean?,"A: It means the total amount of revolving credit you are currently using should be **less than 30%** of your total available credit limit. A lower percentage (ideally under 10%) is better for your score."
Application & Eligibility Deep Dive,Q: What is the difference between gross income and net income for loan qualification?,"A: Lenders primarily look at your **gross income** (income before taxes and deductions) when calculating the DTI ratio, but they also assess **net income** (take-home pay) to confirm affordability."
Application & Eligibility Deep Dive,Q: Why might a lender ask for bank statements in addition to pay stubs?,"A: Bank statements are used to verify the **consistency of deposits** (especially for self-employed individuals) and to check for **NSF/overdraft issues**, which signal potential financial instability."
Application & Eligibility Deep Dive,Q: What is an employment verification process?,"A: The **employment verification** process involves the lender contacting your employer's HR department to confirm your job title, length of employment, and current income, usually requiring your consent."
Application & Eligibility Deep Dive,Q: Can unemployment income be used to qualify for a personal loan?,"A: **Generally no**, because unemployment is considered a temporary source of income. Lenders prefer stable, long-term sources like wages, pensions, or verifiable investment income."
Application & Eligibility Deep Dive,Q: What is a debt schedule, and when might a lender request one?,"A: A **debt schedule** is a detailed list of all your current debts (balances, minimum payments, interest rates). Lenders may request it if your DTI is borderline or if they suspect undisclosed liabilities."
Application & Eligibility Deep Dive,Q: Are military personnel offered special rates or terms on personal loans?,"A: **Yes**. The **Servicemembers Civil Relief Act (SCRA)** limits the interest rate on pre-service loans to 6%, and some lenders offer special rates to military members as a sign of appreciation."
Application & Eligibility Deep Dive,Q: What is the common maximum DTI ratio allowed by lenders?,"A: While requirements vary, the absolute maximum DTI ratio for most personal loans is usually around **45% to 50%**. Lower DTI is always correlated with better rates."
Application & Eligibility Deep Dive,Q: Can I apply for a loan if I'm retired?,"A: **Yes**. Lenders will use verifiable retirement income sources like **Social Security, pension payments, or 401(k)/IRA withdrawals** to qualify you, treated as stable income."
Application & Eligibility Deep Dive,Q: What is the concept of residual income in loan qualification?,"A: **Residual income** is the amount of money left over after all major monthly expenses (including the new loan payment) are paid. Some lenders use this to ensure the borrower can afford basic living expenses."
Application & Eligibility Deep Dive,Q: What are the differences between an automated underwriting system (AUS) and manual underwriting?,"A: **AUS** uses computer algorithms to approve/deny applications quickly based on fixed criteria. **Manual underwriting** involves a human underwriter reviewing the application, allowing for more judgment on complex cases."
Advanced Repayment Strategies,Q: What is the "extra payment to principal" strategy?,"A: This is when you make payments larger than the scheduled minimum and explicitly designate the extra amount to go directly toward the **loan principal**, which reduces future interest accrual."
Advanced Repayment Strategies,Q: How much interest can I save by paying an extra payment each year?,"A: Paying one extra monthly payment per year can dramatically reduce the total interest paid and shorten the loan term by several months or even a year, depending on the loan size and rate."
Advanced Repayment Strategies,Q: What is bi-weekly payment scheduling?,"A: **Bi-weekly payments** involve making half of your monthly payment every two weeks. Since there are 52 weeks in a year, this results in 26 half-payments, which equals 13 full monthly payments annually, speeding up payoff."
Advanced Repayment Strategies,Q: Why is it important to confirm the extra payment goes to principal, not future interest?,"A: If not designated for principal, the lender may simply hold the extra payment and apply it toward the **next month's full payment**, which does not reduce the balance on which interest accrues today."
Advanced Repayment Strategies,Q: Can I make personalized payment amounts instead of the fixed monthly payment?,"A: Most lenders allow overpayments, but you must ensure your payment meets or exceeds the **minimum required amount** for that month."
Advanced Repayment Strategies,Q: What is loan recasting (recasting)?,"A: **Loan recasting** (mostly applicable to mortgages) is when the borrower makes a large principal-only payment, and the lender recalculates the monthly payments based on the new, lower principal balance, without changing the loan term or interest rate."
Advanced Repayment Strategies,Q: Does making minimum payments guarantee I will be debt-free by the end of the term?,"A: **Yes**, assuming the loan is fully amortizing and you make all minimum payments on time, the loan will be paid off by the final scheduled date."
Advanced Repayment Strategies,Q: Can I automate extra payments?,"A: **Yes**. Most online payment systems allow you to set the monthly automatic payment amount higher than the minimum requirement, which is a simple way to implement the extra payment strategy."
Advanced Repayment Strategies,Q: What is the concept of a payment holiday?,"A: A **payment holiday** is a temporary period, usually one or two months, when the lender allows the borrower to skip a payment. Interest often continues to accrue during this period."
Advanced Repayment Strategies,Q: What is loan modification and when is it offered?,"A: **Loan modification** is a change to the fundamental terms of the loan (rate, term, or principal) offered by the lender when the borrower is facing **extreme and persistent hardship** and default is imminent.
Loan Purpose Deep Dive,Q: Can I get a personal loan for adoption expenses?,"A: **Yes**. Many lenders allow personal loans to cover the substantial costs associated with adoption, including legal fees and travel."
Loan Purpose Deep Dive,Q: Should I use a personal loan for medical debt?,"A: It can be a good option if the personal loan's APR is **lower than the medical provider's payment plan interest** or if the medical bills are already in collection."
Loan Purpose Deep Dive,Q: Can I use a personal loan to fund a vacation?,"A: **Yes**, legally, but it is **not generally recommended** by financial advisors as it means paying interest for months or years on an item that depreciates instantly."
Loan Purpose Deep Dive,Q: What are "green" personal loans?,"A: **Green personal loans** are offered by some lenders specifically for environmentally friendly home improvements, such as installing solar panels or energy-efficient windows, sometimes with preferred rates."
Loan Purpose Deep Dive,Q: Can I use a personal loan to pay off student loans?,"A: Yes, but only for **private student loans**. Using a personal loan for federal student loans means sacrificing important benefits like income-driven repayment and forgiveness programs."
Loan Purpose Deep Dive,Q: Are there personal loans specifically for weddings?,"A: Some lenders market **wedding loans**, but they are fundamentally the same as standard personal loans, just marketed for that purpose."
Loan Purpose Deep Dive,Q: What is the difference between a home improvement loan and a HELOC?,"A: A **HELOC** is revolving credit secured by your home equity. A dedicated **home improvement personal loan** is an unsecured lump sum with a fixed rate, often for smaller projects."
Loan Purpose Deep Dive,Q: Can I use a personal loan to buy cryptocurrency?,"A: **Yes**, you can, but this is highly risky due to the extreme volatility of crypto and the fact that you must repay the loan regardless of whether the crypto value rises or falls."
Loan Purpose Deep Dive,Q: What are the main advantages of using a personal loan over a credit card for a large, one-time purchase?,"A: A personal loan offers a **fixed repayment timeline**, a **predictable monthly payment**, and often a **lower overall interest rate** than a standard credit card APR."
Loan Purpose Deep Dive,Q: When is using a personal loan for a down payment acceptable?,"A: It is only acceptable if the amount is very small and the borrower has an extremely low DTI, as mixing unsecured debt with a mortgage application can signal a lack of savings to the mortgage lender.
Underwriting & Risk Assessment,Q: What is credit scoring model 'versioning'?,"A: **Versioning** means there are many different models (FICO 8, FICO 9, VantageScore 3.0, etc.) used by lenders. A lender may pull different versions, resulting in slightly different scores."
Underwriting & Risk Assessment,Q: What does "capacity" mean in the 5 Cs of credit?,"A: **Capacity** refers to the borrower's ability to repay the loan, measured primarily through the **Debt-to-Income (DTI) ratio** and employment stability."
Underwriting & Risk Assessment,Q: What does "capital" mean in the 5 Cs of credit?,"A: **Capital** refers to the borrower's own assets and net worth (e.g., savings, investments, home equity). It shows the borrower has a financial cushion or "skin in the game."."
Underwriting & Risk Assessment,Q: What does "conditions" mean in the 5 Cs of credit?,"A: **Conditions** refer to the specific terms of the loan (amount, purpose, rate) and external factors like the state of the economy or the job market that influence the risk."
Underwriting & Risk Assessment,Q: What does "collateral" mean in the 5 Cs of credit?,"A: **Collateral** refers to the asset pledged to secure the loan, which the lender can seize if the borrower defaults (only applies to secured loans)."
Underwriting & Risk Assessment,Q: How does job history affect loan underwriting?,"A: A **stable job history** (typically 2+ years with the same employer or in the same field) signals consistent income and reliability, reducing the perceived risk to the underwriter."
Underwriting & Risk Assessment,Q: What is credit score "drift" between bureaus?,"A: **Credit score drift** occurs when your scores differ between the three major credit bureaus (Experian, Equifax, TransUnion) because some creditors may not report data to all three bureaus simultaneously."
Underwriting & Risk Assessment,Q: What is a debt service coverage ratio (DSCR)?,"A: The **DSCR** is a ratio of income available to service debt payments. It's often used in business or investment property loans but may be looked at for high-net-worth personal loans."
Underwriting & Risk Assessment,Q: Does having a low credit limit help or hurt my loan application?,"A: A low credit limit on revolving accounts can hurt if your utilization is high. If your utilization is zero, it doesn't matter as much as having a long, positive payment history."
Underwriting & Risk Assessment,Q: Can a large down payment improve my personal loan odds?,"A: No, the concept of a down payment is typically for mortgages or auto loans. However, a large amount of savings (**capital**) displayed on bank statements will positively affect the lender's risk assessment.
Term and Rate Specifics,Q: Are the longest loan terms always the cheapest?,"A: **No**. While a longer term offers the lowest *monthly payment*, it is the most expensive option overall because you pay interest for the maximum number of years."
Term and Rate Specifics,Q: What is the typical range of personal loan terms?,"A: Most unsecured personal loans are offered with repayment terms ranging from **24 months (2 years) to 60 months (5 years)**, though some go up to 7 years."
Term and Rate Specifics,Q: What are the benefits of a variable interest rate loan?,"A: A variable rate loan may start with a **lower introductory APR** than a fixed-rate loan. If general market interest rates fall, your payments could decrease."
Term and Rate Specifics,Q: What is the main risk of a variable interest rate loan?,"A: The main risk is that if market interest rates rise, your loan's **APR will increase**, making your monthly payments higher and increasing the total cost of the loan."
Term and Rate Specifics,Q: How often can a variable interest rate change?,"A: The frequency of change is outlined in the loan agreement, but it can often change **monthly, quarterly, or semi-annually**, usually tied to an index like the Prime Rate."
Term and Rate Specifics,Q: What is the difference between a simple interest loan and a pre-computed loan regarding early payoff?,"A: With **simple interest**, paying off early saves you all future interest. With a **pre-computed loan**, the interest is factored in upfront, and the savings from early payoff may be limited by the "Rule of 78s" (less common now)."
Term and Rate Specifics,Q: What is the typical minimum APR offered on personal loans?,"A: The lowest APRs are typically offered to borrowers with excellent credit (760+) and are often around **5% to 7%**, depending on the market and the lender."
Term and Rate Specifics,Q: What is the typical maximum APR on a personal loan?,"A: The maximum APR for reputable lenders usually ranges from **29.99% to 35.99%**. Rates higher than that are often indicative of predatory loans."
Term and Rate Specifics,Q: Is the origination fee always included in the APR?,"A: **Yes**. By definition, the **APR (Annual Percentage Rate)** includes the interest rate plus any mandatory fees, such as the origination fee, spread over the loan term."
Term and Rate Specifics,Q: Does changing the payment frequency (e.g., bi-weekly) change the loan's stated APR?,"A: **No**, the stated APR does not change, but paying bi-weekly effectively reduces the *total interest paid* because the principal balance is reduced faster, meaning less interest accrues over the loan's life.
Loan Assistant,Q: Am I eligible for a personal loan?,A: Eligibility depends on credit score, income, employment stability, and debt-to-income ratio.
Loan Assistant,Q: What documents are required for KYC verification?,A: Aadhaar card, PAN card, phone number verification, and address proof are usually required.
Loan Assistant,Q: Can I get loan using only Aadhaar?,A: Some digital lenders allow Aadhaar-based verification but additional checks may apply.
Loan Assistant,Q: How long does loan approval take?,A: Digital loan approval may take between 5 to 10 minutes depending on verification.
Loan Assistant,Q: What credit score is required for loan?,A: Most lenders prefer a credit score above 650 for personal loans.
Loan Assistant,Q: Can students apply for loans?,A: Students may require co-applicant or proof of income.
Loan Assistant,Q: How is loan eligibility calculated?,A: Lenders analyze income, liabilities, credit history, and repayment capacity.
Loan Assistant,Q: Is phone number verification required?,A: Yes, OTP-based verification is commonly used for identity confirmation.
Loan Assistant,Q: What happens if loan is rejected?,A: You may reapply after improving credit score or reducing existing debts.
Loan Assistant,Q: Can I check eligibility without affecting credit score?,A: Yes, soft checks do not impact your credit score.
